payment_id,customer_id,order_id,amount,created_at,status,method,email,phone,notes
pay_100362,cust_00028,order_200362,199.14,1787442731,failed,netbanking,buyer_28@example.com,+919876000028,Merchant Order #200362
pay_100074,cust_00043,order_200074,299.81,1787632221,captured,upi,buyer_43@example.com,+919876000043,Merchant Order #200074
pay_100375,cust_00049,order_200375,9999.53,1787474812,captured,netbanking,buyer_49@example.com,+919876000049,Merchant Order #200375
pay_100156,cust_00037,order_200156,999.74,1787764215,captured,wallet,buyer_37@example.com,+919876000037,Merchant Order #200156
pay_100105,cust_00076,order_200105,1499.32,1787700449,captured,upi,buyer_76@example.com,+919876000076,Merchant Order #200105
pay_100395,cust_00070,order_200395,199.18,1787348338,captured,netbanking,buyer_70@example.com,+919876000070,Merchant Order #200395
pay_100378,cust_00019,order_200378,199.26,1787469097,captured,wallet,buyer_19@example.com,+919876000019,Merchant Order #200378
pay_100125,cust_00061,order_200125,1499.03,1787646978,captured,netbanking,buyer_61@example.com,+919876000061,Merchant Order #200125
pay_100069,cust_00040,order_200069,4999.32,1787581080,captured,netbanking,buyer_40@example.com,+919876000040,Merchant Order #200069
pay_100451,cust_00054,order_200426,15000.0,1787357456,captured,upi,buyer_54@example.com,+919876000054,UPI transaction - Failed UPI Retry
pay_100010,cust_00047,order_200010,499.37,1787631089,captured,upi,buyer_47@example.com,+919876000047,Merchant Order #200010
pay_100195,cust_00059,order_200195,15000.6,1787684191,captured,card,buyer_59@example.com,+919876000059,Merchant Order #200195
pay_100407,cust_00095,order_200404,4999.0,1787497396,captured,netbanking,buyer_95@example.com,+919876000095,Checkout click A - Double-Click Issue
pay_100085,cust_00020,order_200085,999.38,1787646747,captured,upi,buyer_20@example.com,+919876000020,Merchant Order #200085
pay_100372,cust_00098,order_200372,15000.21,1787717186,captured,upi,buyer_98@example.com,+919876000098,Merchant Order #200372
pay_100389,cust_00051,order_200389,299.37,1787539861,captured,wallet,buyer_51@example.com,+919876000051,Merchant Order #200389
pay_100496,cust_00080,order_200466,499.0,1787738491,captured,netbanking,buyer_80@example.com,+919876000080,Gateway Success Attempt B - Gateway Retry with Different IDs
pay_100031,cust_00008,order_200031,999.07,1787712936,captured,card,buyer_8@example.com,+919876000008,Merchant Order #200031
pay_100317,cust_00015,order_200317,999.02,1787522487,captured,netbanking,buyer_15@example.com,+919876000015,Merchant Order #200317
pay_100409,cust_00001,order_200405,1499.0,1787497058,captured,wallet,buyer_1@example.com,+919876000001,Checkout click A - Double-Click Issue
pay_100491,cust_00034,order_200461,9999.0,1787599465,failed,netbanking,buyer_34@example.com,+919876000034,Gateway Error Attempt A - Gateway Retry with Different IDs
pay_100492,cust_00034,order_200462,9999.0,1787599514,captured,netbanking,buyer_34@example.com,+919876000034,Gateway Success Attempt B - Gateway Retry with Different IDs
pay_100281,cust_00041,order_200281,2499.7,1787726629,failed,netbanking,buyer_41@example.com,+919876000041,Merchant Order #200281
pay_100357,cust_00001,order_200357,199.97,1787632525,captured,wallet,buyer_1@example.com,+919876000001,Merchant Order #200357
pay_100077,cust_00052,order_200077,999.15,1787727203,failed,card,buyer_52@example.com,+919876000052,Merchant Order #200077
pay_100462,cust_00056,order_200432,299.0,1787384184,captured,card,buyer_56@example.com,+919876000056,Tab 2 Checkout - Multiple Browser Tabs Checkout
pay_100498,cust_00011,order_200468,499.0,1787392519,captured,netbanking,buyer_11@example.com,+919876000011,Gateway Success Attempt B - Gateway Retry with Different IDs
pay_100212,cust_00063,order_200212,15000.66,1787436837,refunded,card,buyer_63@example.com,+919876000063,Merchant Order #200212
pay_100102,cust_00083,order_200102,2499.01,1787696820,captured,wallet,buyer_83@example.com,+919876000083,Merchant Order #200102
pay_100335,cust_00043,order_200335,1499.45,1787725734,captured,wallet,buyer_43@example.com,+919876000043,Merchant Order #200335
pay_100476,cust_00091,order_200446,299.0,1787708427,captured,card,buyer_91@example.com,+919876000091,Tab 2 Checkout - Multiple Browser Tabs Checkout
pay_100337,cust_00083,order_200337,1499.71,1787659792,captured,card,buyer_83@example.com,+919876000083,Merchant Order #200337
pay_100441,cust_00057,order_200421,1499.0,1787700687,captured,upi,buyer_57@example.com,+919876000057,UPI transaction - Failed UPI Retry
pay_100174,cust_00034,order_200174,15000.12,1787632235,captured,netbanking,buyer_34@example.com,+919876000034,Merchant Order #200174
pay_100003,cust_00030,order_200003,15000.6,1787650894,captured,upi,buyer_30@example.com,+919876000030,Merchant Order #200003
pay_100334,cust_00096,order_200334,1499.87,1787470479,captured,card,buyer_96@example.com,+919876000096,Merchant Order #200334
pay_100410,cust_00001,order_200405,1499.0,1787497060,captured,wallet,buyer_1@example.com,+919876000001,Checkout click B - Double-Click Issue
pay_100071,cust_00071,order_200071,199.3,1787527285,captured,upi,buyer_71@example.com,+919876000071,Merchant Order #200071
pay_100210,cust_00085,order_200210,4999.48,1787520501,captured,wallet,buyer_85@example.com,+919876000085,Merchant Order #200210
pay_100064,cust_00043,order_200064,199.11,1787418715,refunded,netbanking,buyer_43@example.com,+919876000043,Merchant Order #200064
pay_100385,cust_00086,order_200385,9999.65,1787344430,captured,card,buyer_86@example.com,+919876000086,Merchant Order #200385
pay_100094,cust_00003,order_200094,15000.05,1787438437,captured,netbanking,buyer_3@example.com,+919876000003,Merchant Order #200094
pay_100486,cust_00050,order_200456,199.0,1787430530,captured,upi,buyer_50@example.com,+919876000050,Gateway Success Attempt B - Gateway Retry with Different IDs
pay_100186,cust_00030,order_200186,2499.77,1787461356,refunded,card,buyer_30@example.com,+919876000030,Merchant Order #200186
pay_100034,cust_00013,order_200034,4999.35,1787543328,captured,wallet,buyer_13@example.com,+919876000013,Merchant Order #200034
pay_100078,cust_00014,order_200078,4999.22,1787363268,captured,wallet,buyer_14@example.com,+919876000014,Merchant Order #200078
pay_100001,cust_00082,order_200001,299.02,1787447367,captured,netbanking,buyer_82@example.com,+919876000082,Merchant Order #200001
pay_100012,cust_00060,order_200012,4999.27,1787637327,captured,upi,buyer_60@example.com,+919876000060,Merchant Order #200012
pay_100416,cust_00046,order_200408,15000.0,1787599447,captured,card,buyer_46@example.com,+919876000046,Checkout click B - Double-Click Issue
pay_100023,cust_00026,order_200023,499.37,1787574585,captured,upi,buyer_26@example.com,+919876000026,Merchant Order #200023
pay_100073,cust_00095,order_200073,499.65,1787564249,captured,netbanking,buyer_95@example.com,+919876000095,Merchant Order #200073
pay_100183,cust_00016,order_200183,9999.09,1787618790,captured,upi,buyer_16@example.com,+919876000016,Merchant Order #200183
pay_100132,cust_00074,order_200132,199.99,1787590512,captured,netbanking,buyer_74@example.com,+919876000074,Merchant Order #200132
pay_100411,cust_00014,order_200406,499.0,1787422527,captured,card,buyer_14@example.com,+919876000014,Checkout click A - Double-Click Issue
pay_100194,cust_00036,order_200194,15000.71,1787771253,captured,wallet,buyer_36@example.com,+919876000036,Merchant Order #200194
pay_100056,cust_00075,order_200056,15000.15,1787359644,captured,upi,buyer_75@example.com,+919876000075,Merchant Order #200056
pay_100149,cust_00031,order_200149,4999.23,1787360429,captured,wallet,buyer_31@example.com,+919876000031,Merchant Order #200149
pay_100019,cust_00068,order_200019,1499.96,1787635456,captured,card,buyer_68@example.com,+919876000068,Merchant Order #200019
pay_100205,cust_00089,order_200205,1499.03,1787645139,captured,netbanking,buyer_89@example.com,+919876000089,Merchant Order #200205
pay_100079,cust_00016,order_200079,9999.13,1787629967,refunded,wallet,buyer_16@example.com,+919876000016,Merchant Order #200079
pay_100495,cust_00080,order_200465,499.0,1787738444,failed,netbanking,buyer_80@example.com,+919876000080,Gateway Error Attempt A - Gateway Retry with Different IDs
pay_100263,cust_00009,order_200263,9999.04,1787360498,captured,upi,buyer_9@example.com,+919876000009,Merchant Order #200263
pay_100324,cust_00093,order_200324,1499.28,1787728542,captured,wallet,buyer_93@example.com,+919876000093,Merchant Order #200324
pay_100484,cust_00051,order_200454,199.0,1787535827,captured,upi,buyer_51@example.com,+919876000051,Gateway Success Attempt B - Gateway Retry with Different IDs
pay_100080,cust_00077,order_200080,2499.94,1787606239,captured,wallet,buyer_77@example.com,+919876000077,Merchant Order #200080
pay_100040,cust_00034,order_200040,9999.28,1787408446,captured,wallet,buyer_34@example.com,+919876000034,Merchant Order #200040
pay_100452,cust_00054,order_200426,15000.0,1787357532,captured,upi,buyer_54@example.com,+919876000054,UPI retry capture - Failed UPI Retry
pay_100047,cust_00073,order_200047,299.07,1787560116,captured,upi,buyer_73@example.com,+919876000073,Merchant Order #200047
pay_100239,cust_00029,order_200239,499.15,1787706367,captured,netbanking,buyer_29@example.com,+919876000029,Merchant Order #200239
pay_100392,cust_00082,order_200392,199.7,1787557512,captured,card,buyer_82@example.com,+919876000082,Merchant Order #200392
pay_100353,cust_00037,order_200353,4999.18,1787672411,refunded,upi,buyer_37@example.com,+919876000037,Merchant Order #200353
pay_100342,cust_00031,order_200342,199.66,1787474114,captured,wallet,buyer_31@example.com,+919876000031,Merchant Order #200342
pay_100278,cust_00072,order_200278,299.26,1787645718,captured,netbanking,buyer_72@example.com,+919876000072,Merchant Order #200278
pay_100291,cust_00083,order_200291,499.59,1787415532,captured,upi,buyer_83@example.com,+919876000083,Merchant Order #200291
pay_100318,cust_00027,order_200318,4999.5,1787718631,captured,wallet,buyer_27@example.com,+919876000027,Merchant Order #200318
pay_100305,cust_00034,order_200305,2499.76,1787361118,captured,netbanking,buyer_34@example.com,+919876000034,Merchant Order #200305
pay_100269,cust_00024,order_200269,15000.29,1787376163,captured,card,buyer_24@example.com,+919876000024,Merchant Order #200269
pay_100070,cust_00086,order_200070,4999.67,1787607476,captured,upi,buyer_86@example.com,+919876000086,Merchant Order #200070
pay_100456,cust_00014,order_200428,999.0,1787625732,captured,upi,buyer_14@example.com,+919876000014,UPI retry capture - Failed UPI Retry
pay_100466,cust_00060,order_200436,15000.0,1787490604,captured,upi,buyer_60@example.com,+919876000060,Tab 2 Checkout - Multiple Browser Tabs Checkout
pay_100155,cust_00063,order_200155,15000.04,1787442994,captured,card,buyer_63@example.com,+919876000063,Merchant Order #200155
pay_100083,cust_00100,order_200083,15000.48,1787460200,captured,upi,buyer_100@example.com,+919876000100,Merchant Order #200083
pay_100478,cust_00087,order_200448,499.0,1787564493,captured,upi,buyer_87@example.com,+919876000087,Tab 2 Checkout - Multiple Browser Tabs Checkout
pay_100173,cust_00087,order_200173,4999.96,1787380584,captured,netbanking,buyer_87@example.com,+919876000087,Merchant Order #200173
pay_100322,cust_00039,order_200322,999.93,1787674721,captured,netbanking,buyer_39@example.com,+919876000039,Merchant Order #200322
pay_100091,cust_00069,order_200091,199.9,1787377839,captured,card,buyer_69@example.com,+919876000069,Merchant Order #200091
pay_100181,cust_00089,order_200181,2499.22,1787752213,failed,wallet,buyer_89@example.com,+919876000089,Merchant Order #200181
pay_100415,cust_00046,order_200408,15000.0,1787599445,captured,card,buyer_46@example.com,+919876000046,Checkout click A - Double-Click Issue
pay_100313,cust_00043,order_200313,299.97,1787685772,captured,netbanking,buyer_43@example.com,+919876000043,Merchant Order #200313
pay_100279,cust_00079,order_200279,1499.69,1787428051,captured,wallet,buyer_79@example.com,+919876000079,Merchant Order #200279
pay_100382,cust_00063,order_200382,499.91,1787567917,captured,card,buyer_63@example.com,+919876000063,Merchant Order #200382
pay_100473,cust_00057,order_200443,9999.0,1787370593,captured,netbanking,buyer_57@example.com,+919876000057,Tab 1 Checkout - Multiple Browser Tabs Checkout
pay_100363,cust_00074,order_200363,2499.57,1787443916,failed,netbanking,buyer_74@example.com,+919876000074,Merchant Order #200363
pay_100325,cust_00045,order_200325,499.29,1787754269,captured,netbanking,buyer_45@example.com,+919876000045,Merchant Order #200325
pay_100432,cust_00043,order_200416,4999.0,1787471396,captured,upi,buyer_43@example.com,+919876000043,User retry second attempt - Network Timeout Retry
pay_100348,cust_00042,order_200348,15000.44,1787651282,captured,upi,buyer_42@example.com,+919876000042,Merchant Order #200348
pay_100087,cust_00050,order_200087,199.85,1787547629,failed,wallet,buyer_50@example.com,+919876000050,Merchant Order #200087
pay_100076,cust_00099,order_200076,299.45,1787651899,captured,upi,buyer_99@example.com,+919876000099,Merchant Order #200076
pay_100439,cust_00088,order_200420,15000.0,1787753271,captured,card,buyer_88@example.com,+919876000088,Network timeout first attempt - Network Timeout Retry
pay_100016,cust_00034,order_200016,4999.89,1787497956,refunded,wallet,buyer_34@example.com,+919876000034,Merchant Order #200016
pay_100250,cust_00031,order_200250,4999.98,1787438574,captured,netbanking,buyer_31@example.com,+919876000031,Merchant Order #200250
pay_100434,cust_00062,order_200417,2499.0,1787758295,captured,upi,buyer_62@example.com,+919876000062,User retry second attempt - Network Timeout Retry
pay_100020,cust_00069,order_200020,1499.76,1787389764,captured,netbanking,buyer_69@example.com,+919876000069,Merchant Order #200020
pay_100323,cust_00089,order_200323,9999.31,1787583704,failed,netbanking,buyer_89@example.com,+919876000089,Merchant Order #200323
pay_100333,cust_00023,order_200333,199.99,1787681972,captured,wallet,buyer_23@example.com,+919876000023,Merchant Order #200333
pay_100057,cust_00006,order_200057,2499.21,1787629689,captured,upi,buyer_6@example.com,+919876000006,Merchant Order #200057
pay_100302,cust_00064,order_200302,1499.49,1787749914,captured,card,buyer_64@example.com,+919876000064,Merchant Order #200302
pay_100230,cust_00058,order_200230,299.8,1787765964,captured,netbanking,buyer_58@example.com,+919876000058,Merchant Order #200230
pay_100332,cust_00074,order_200332,999.53,1787736089,captured,card,buyer_74@example.com,+919876000074,Merchant Order #200332
pay_100133,cust_00023,order_200133,9999.51,1787737317,captured,wallet,buyer_23@example.com,+919876000023,Merchant Order #200133
pay_100138,cust_00066,order_200138,199.65,1787520096,captured,wallet,buyer_66@example.com,+919876000066,Merchant Order #200138
pay_100424,cust_00064,order_200412,499.0,1787413830,captured,card,buyer_64@example.com,+919876000064,User retry second attempt - Network Timeout Retry
pay_100336,cust_00065,order_200336,9999.27,1787484429,captured,card,buyer_65@example.com,+919876000065,Merchant Order #200336
pay_100026,cust_00009,order_200026,15000.76,1787626586,failed,upi,buyer_9@example.com,+919876000009,Merchant Order #200026
pay_100465,cust_00060,order_200435,15000.0,1787490599,captured,upi,buyer_60@example.com,+919876000060,Tab 1 Checkout - Multiple Browser Tabs Checkout
pay_100282,cust_00092,order_200282,499.79,1787394002,captured,upi,buyer_92@example.com,+919876000092,Merchant Order #200282
pay_100248,cust_00058,order_200248,15000.15,1787381194,failed,wallet,buyer_58@example.com,+919876000058,Merchant Order #200248
pay_100238,cust_00040,order_200238,499.94,1787750966,captured,netbanking,buyer_40@example.com,+919876000040,Merchant Order #200238
pay_100118,cust_00007,order_200118,1499.93,1787390859,captured,wallet,buyer_7@example.com,+919876000007,Merchant Order #200118
pay_100043,cust_00009,order_200043,999.4,1787591667,captured,upi,buyer_9@example.com,+919876000009,Merchant Order #200043
pay_100221,cust_00010,order_200221,15000.63,1787732932,captured,upi,buyer_10@example.com,+919876000010,Merchant Order #200221
pay_100177,cust_00060,order_200177,1499.64,1787401957,failed,card,buyer_60@example.com,+919876000060,Merchant Order #200177
pay_100321,cust_00046,order_200321,1499.6,1787755143,captured,upi,buyer_46@example.com,+919876000046,Merchant Order #200321
pay_100154,cust_00087,order_200154,15000.38,1787612351,failed,netbanking,buyer_87@example.com,+919876000087,Merchant Order #200154
pay_100232,cust_00079,order_200232,499.36,1787508937,captured,netbanking,buyer_79@example.com,+919876000079,Merchant Order #200232
pay_100228,cust_00012,order_200228,15000.38,1787535858,captured,card,buyer_12@example.com,+919876000012,Merchant Order #200228
pay_100418,cust_00050,order_200409,199.0,1787520340,captured,netbanking,buyer_50@example.com,+919876000050,Checkout click B - Double-Click Issue
pay_100204,cust_00029,order_200204,4999.84,1787604659,captured,card,buyer_29@example.com,+919876000029,Merchant Order #200204
pay_100127,cust_00085,order_200127,999.42,1787621352,failed,upi,buyer_85@example.com,+919876000085,Merchant Order #200127
pay_100330,cust_00021,order_200330,4999.65,1787547831,captured,wallet,buyer_21@example.com,+919876000021,Merchant Order #200330
pay_100032,cust_00031,order_200032,1499.66,1787574523,captured,upi,buyer_31@example.com,+919876000031,Merchant Order #200032
pay_100114,cust_00036,order_200114,15000.59,1787701269,captured,card,buyer_36@example.com,+919876000036,Merchant Order #200114
pay_100471,cust_00027,order_200441,15000.0,1787492039,captured,wallet,buyer_27@example.com,+919876000027,Tab 1 Checkout - Multiple Browser Tabs Checkout
pay_100272,cust_00082,order_200272,199.07,1787498524,captured,wallet,buyer_82@example.com,+919876000082,Merchant Order #200272
pay_100141,cust_00078,order_200141,999.7,1787579536,captured,netbanking,buyer_78@example.com,+919876000078,Merchant Order #200141
pay_100058,cust_00072,order_200058,4999.96,1787741503,captured,upi,buyer_72@example.com,+919876000072,Merchant Order #200058
pay_100193,cust_00057,order_200193,299.89,1787604358,captured,netbanking,buyer_57@example.com,+919876000057,Merchant Order #200193
pay_100025,cust_00040,order_200025,999.06,1787378576,captured,card,buyer_40@example.com,+919876000040,Merchant Order #200025
pay_100018,cust_00021,order_200018,4999.59,1787506433,refunded,wallet,buyer_21@example.com,+919876000021,Merchant Order #200018
pay_100266,cust_00007,order_200266,2499.27,1787530336,captured,netbanking,buyer_7@example.com,+919876000007,Merchant Order #200266
pay_100067,cust_00001,order_200067,15000.92,1787498917,captured,upi,buyer_1@example.com,+919876000001,Merchant Order #200067
pay_100209,cust_00011,order_200209,199.15,1787632728,captured,card,buyer_11@example.com,+919876000011,Merchant Order #200209
pay_100480,cust_00043,order_200450,15000.0,1787755641,captured,wallet,buyer_43@example.com,+919876000043,Tab 2 Checkout - Multiple Browser Tabs Checkout
pay_100095,cust_00084,order_200095,199.75,1787427697,captured,upi,buyer_84@example.com,+919876000084,Merchant Order #200095
pay_100254,cust_00068,order_200254,4999.11,1787444234,captured,netbanking,buyer_68@example.com,+919876000068,Merchant Order #200254
pay_100267,cust_00057,order_200267,4999.34,1787555933,captured,upi,buyer_57@example.com,+919876000057,Merchant Order #200267
pay_100024,cust_00068,order_200024,199.59,1787349987,failed,wallet,buyer_68@example.com,+919876000068,Merchant Order #200024
pay_100223,cust_00020,order_200223,299.18,1787542001,captured,wallet,buyer_20@example.com,+919876000020,Merchant Order #200223
pay_100262,cust_00100,order_200262,9999.97,1787614483,captured,wallet,buyer_100@example.com,+919876000100,Merchant Order #200262
pay_100427,cust_00077,order_200414,999.0,1787387786,captured,wallet,buyer_77@example.com,+919876000077,Network timeout first attempt - Network Timeout Retry
pay_100006,cust_00014,order_200006,299.38,1787707691,captured,netbanking,buyer_14@example.com,+919876000014,Merchant Order #200006
pay_100117,cust_00014,order_200117,199.57,1787548378,captured,wallet,buyer_14@example.com,+919876000014,Merchant Order #200117
pay_100046,cust_00059,order_200046,2499.92,1787345598,captured,card,buyer_59@example.com,+919876000059,Merchant Order #200046
pay_100017,cust_00018,order_200017,15000.49,1787713570,captured,card,buyer_18@example.com,+919876000018,Merchant Order #200017
pay_100463,cust_00066,order_200433,15000.0,1787534150,captured,upi,buyer_66@example.com,+919876000066,Tab 1 Checkout - Multiple Browser Tabs Checkout
pay_100358,cust_00069,order_200358,4999.82,1787540564,captured,upi,buyer_69@example.com,+919876000069,Merchant Order #200358
pay_100004,cust_00054,order_200004,999.44,1787691247,captured,netbanking,buyer_54@example.com,+919876000054,Merchant Order #200004
pay_100219,cust_00012,order_200219,4999.84,1787529786,captured,upi,buyer_12@example.com,+919876000012,Merchant Order #200219
pay_100406,cust_00035,order_200403,499.0,1787649019,captured,wallet,buyer_35@example.com,+919876000035,Checkout click B - Double-Click Issue
pay_100061,cust_00061,order_200061,999.2,1787492626,captured,wallet,buyer_61@example.com,+919876000061,Merchant Order #200061
pay_100111,cust_00075,order_200111,2499.47,1787525391,captured,netbanking,buyer_75@example.com,+919876000075,Merchant Order #200111
pay_100319,cust_00008,order_200319,499.51,1787772763,captured,netbanking,buyer_8@example.com,+919876000008,Merchant Order #200319
pay_100429,cust_00051,order_200415,2499.0,1787688935,failed,wallet,buyer_51@example.com,+919876000051,Network timeout first attempt - Network Timeout Retry
pay_100030,cust_00076,order_200030,15000.23,1787344680,captured,upi,buyer_76@example.com,+919876000076,Merchant Order #200030
pay_100438,cust_00047,order_200419,299.0,1787597448,captured,upi,buyer_47@example.com,+919876000047,User retry second attempt - Network Timeout Retry
pay_100472,cust_00027,order_200442,15000.0,1787492047,captured,wallet,buyer_27@example.com,+919876000027,Tab 2 Checkout - Multiple Browser Tabs Checkout
pay_100027,cust_00022,order_200027,1499.52,1787758178,failed,wallet,buyer_22@example.com,+919876000022,Merchant Order #200027
pay_100008,cust_00081,order_200008,2499.57,1787361370,captured,card,buyer_81@example.com,+919876000081,Merchant Order #200008
pay_100454,cust_00090,order_200427,15000.0,1787598144,captured,upi,buyer_90@example.com,+919876000090,UPI retry capture - Failed UPI Retry
pay_100109,cust_00063,order_200109,15000.75,1787620604,captured,wallet,buyer_63@example.com,+919876000063,Merchant Order #200109
pay_100038,cust_00002,order_200038,299.92,1787413420,captured,upi,buyer_2@example.com,+919876000002,Merchant Order #200038
pay_100158,cust_00008,order_200158,1499.35,1787404460,captured,wallet,buyer_8@example.com,+919876000008,Merchant Order #200158
pay_100490,cust_00024,order_200460,2499.0,1787426727,captured,netbanking,buyer_24@example.com,+919876000024,Gateway Success Attempt B - Gateway Retry with Different IDs
pay_100119,cust_00063,order_200119,299.57,1787407120,captured,card,buyer_63@example.com,+919876000063,Merchant Order #200119
pay_100115,cust_00047,order_200115,499.3,1787460076,refunded,upi,buyer_47@example.com,+919876000047,Merchant Order #200115
pay_100176,cust_00004,order_200176,15000.32,1787621359,captured,upi,buyer_4@example.com,+919876000004,Merchant Order #200176
pay_100374,cust_00032,order_200374,999.39,1787580072,captured,upi,buyer_32@example.com,+919876000032,Merchant Order #200374
pay_100182,cust_00013,order_200182,2499.54,1787367731,captured,netbanking,buyer_13@example.com,+919876000013,Merchant Order #200182
pay_100145,cust_00066,order_200145,499.86,1787675369,failed,netbanking,buyer_66@example.com,+919876000066,Merchant Order #200145
pay_100370,cust_00011,order_200370,9999.84,1787572968,captured,card,buyer_11@example.com,+919876000011,Merchant Order #200370
pay_100391,cust_00098,order_200391,199.09,1787504511,captured,wallet,buyer_98@example.com,+919876000098,Merchant Order #200391
pay_100196,cust_00084,order_200196,15000.71,1787527364,failed,upi,buyer_84@example.com,+919876000084,Merchant Order #200196
pay_100405,cust_00035,order_200403,499.0,1787649018,captured,wallet,buyer_35@example.com,+919876000035,Checkout click A - Double-Click Issue
pay_100276,cust_00098,order_200276,299.57,1787513524,captured,netbanking,buyer_98@example.com,+919876000098,Merchant Order #200276
pay_100455,cust_00014,order_200428,999.0,1787625657,captured,upi,buyer_14@example.com,+919876000014,UPI transaction - Failed UPI Retry
pay_100142,cust_00012,order_200142,999.98,1787540919,captured,card,buyer_12@example.com,+919876000012,Merchant Order #200142
pay_100366,cust_00045,order_200366,4999.78,1787642379,captured,netbanking,buyer_45@example.com,+919876000045,Merchant Order #200366
pay_100068,cust_00086,order_200068,2499.62,1787652507,captured,card,buyer_86@example.com,+919876000086,Merchant Order #200068
pay_100211,cust_00066,order_200211,299.34,1787463936,captured,card,buyer_66@example.com,+919876000066,Merchant Order #200211
pay_100169,cust_00075,order_200169,2499.73,1787734533,captured,card,buyer_75@example.com,+919876000075,Merchant Order #200169
pay_100494,cust_00051,order_200464,299.0,1787493670,captured,netbanking,buyer_51@example.com,+919876000051,Gateway Success Attempt B - Gateway Retry with Different IDs
pay_100376,cust_00064,order_200376,9999.1,1787670597,captured,wallet,buyer_64@example.com,+919876000064,Merchant Order #200376
pay_100401,cust_00049,order_200401,4999.0,1787635202,captured,upi,buyer_49@example.com,+919876000049,Checkout click A - Double-Click Issue
pay_100273,cust_00087,order_200273,499.94,1787708199,captured,upi,buyer_87@example.com,+919876000087,Merchant Order #200273
pay_100110,cust_00003,order_200110,299.29,1787640426,captured,wallet,buyer_3@example.com,+919876000003,Merchant Order #200110
pay_100249,cust_00058,order_200249,2499.92,1787364580,captured,wallet,buyer_58@example.com,+919876000058,Merchant Order #200249
pay_100146,cust_00044,order_200146,15000.26,1787463760,captured,card,buyer_44@example.com,+919876000044,Merchant Order #200146
pay_100093,cust_00044,order_200093,4999.28,1787450555,captured,wallet,buyer_44@example.com,+919876000044,Merchant Order #200093
pay_100153,cust_00034,order_200153,2499.62,1787622303,failed,wallet,buyer_34@example.com,+919876000034,Merchant Order #200153
pay_100368,cust_00091,order_200368,499.8,1787584524,refunded,card,buyer_91@example.com,+919876000091,Merchant Order #200368
pay_100468,cust_00062,order_200438,299.0,1787521282,captured,netbanking,buyer_62@example.com,+919876000062,Tab 2 Checkout - Multiple Browser Tabs Checkout
pay_100084,cust_00037,order_200084,999.27,1787727361,captured,netbanking,buyer_37@example.com,+919876000037,Merchant Order #200084
pay_100246,cust_00018,order_200246,1499.05,1787719192,captured,wallet,buyer_18@example.com,+919876000018,Merchant Order #200246
pay_100166,cust_00088,order_200166,199.9,1787701360,failed,wallet,buyer_88@example.com,+919876000088,Merchant Order #200166
pay_100164,cust_00062,order_200164,299.23,1787589892,refunded,netbanking,buyer_62@example.com,+919876000062,Merchant Order #200164
pay_100200,cust_00095,order_200200,2499.8,1787594926,captured,card,buyer_95@example.com,+919876000095,Merchant Order #200200
pay_100229,cust_00084,order_200229,999.32,1787558164,refunded,wallet,buyer_84@example.com,+919876000084,Merchant Order #200229
pay_100075,cust_00026,order_200075,499.02,1787766634,captured,upi,buyer_26@example.com,+919876000026,Merchant Order #200075
pay_100479,cust_00043,order_200449,15000.0,1787755629,captured,wallet,buyer_43@example.com,+919876000043,Tab 1 Checkout - Multiple Browser Tabs Checkout
pay_100359,cust_00025,order_200359,299.03,1787607220,failed,wallet,buyer_25@example.com,+919876000025,Merchant Order #200359
pay_100251,cust_00013,order_200251,2499.78,1787358120,failed,upi,buyer_13@example.com,+919876000013,Merchant Order #200251
pay_100120,cust_00039,order_200120,299.98,1787582661,captured,card,buyer_39@example.com,+919876000039,Merchant Order #200120
pay_100311,cust_00021,order_200311,4999.98,1787598063,captured,netbanking,buyer_21@example.com,+919876000021,Merchant Order #200311
pay_100300,cust_00079,order_200300,4999.25,1787692996,failed,upi,buyer_79@example.com,+919876000079,Merchant Order #200300
pay_100256,cust_00064,order_200256,15000.02,1787651985,captured,upi,buyer_64@example.com,+919876000064,Merchant Order #200256
pay_100355,cust_00049,order_200355,4999.08,1787623900,captured,upi,buyer_49@example.com,+919876000049,Merchant Order #200355
pay_100400,cust_00082,order_200400,1499.78,1787553514,captured,wallet,buyer_82@example.com,+919876000082,Merchant Order #200400
pay_100226,cust_00076,order_200226,199.35,1787475670,captured,card,buyer_76@example.com,+919876000076,Merchant Order #200226
pay_100354,cust_00083,order_200354,4999.37,1787535342,failed,wallet,buyer_83@example.com,+919876000083,Merchant Order #200354
pay_100235,cust_00019,order_200235,2499.31,1787397281,captured,wallet,buyer_19@example.com,+919876000019,Merchant Order #200235
pay_100383,cust_00010,order_200383,199.76,1787400970,captured,wallet,buyer_10@example.com,+919876000010,Merchant Order #200383
pay_100275,cust_00050,order_200275,199.6,1787751465,captured,wallet,buyer_50@example.com,+919876000050,Merchant Order #200275
pay_100037,cust_00032,order_200037,299.44,1787363428,refunded,card,buyer_32@example.com,+919876000032,Merchant Order #200037
pay_100197,cust_00053,order_200197,2499.82,1787521281,captured,wallet,buyer_53@example.com,+919876000053,Merchant Order #200197
pay_100140,cust_00037,order_200140,9999.87,1787394030,refunded,wallet,buyer_37@example.com,+919876000037,Merchant Order #200140
pay_100365,cust_00076,order_200365,499.62,1787581701,captured,wallet,buyer_76@example.com,+919876000076,Merchant Order #200365
pay_100245,cust_00049,order_200245,15000.52,1787694471,captured,upi,buyer_49@example.com,+919876000049,Merchant Order #200245
pay_100440,cust_00088,order_200420,15000.0,1787753300,captured,card,buyer_88@example.com,+919876000088,User retry second attempt - Network Timeout Retry
pay_100287,cust_00071,order_200287,499.76,1787528465,failed,upi,buyer_71@example.com,+919876000071,Merchant Order #200287
pay_100060,cust_00053,order_200060,999.26,1787506832,captured,card,buyer_53@example.com,+919876000053,Merchant Order #200060
pay_100112,cust_00043,order_200112,2499.7,1787474035,captured,netbanking,buyer_43@example.com,+919876000043,Merchant Order #200112
pay_100090,cust_00044,order_200090,4999.72,1787738815,refunded,wallet,buyer_44@example.com,+919876000044,Merchant Order #200090
pay_100437,cust_00047,order_200419,299.0,1787597416,captured,upi,buyer_47@example.com,+919876000047,Network timeout first attempt - Network Timeout Retry
pay_100007,cust_00006,order_200007,9999.53,1787375615,captured,wallet,buyer_6@example.com,+919876000006,Merchant Order #200007
pay_100361,cust_00087,order_200361,199.24,1787515352,captured,card,buyer_87@example.com,+919876000087,Merchant Order #200361
pay_100347,cust_00008,order_200347,15000.89,1787588981,captured,upi,buyer_8@example.com,+919876000008,Merchant Order #200347
pay_100339,cust_00012,order_200339,4999.66,1787765661,captured,upi,buyer_12@example.com,+919876000012,Merchant Order #200339
pay_100159,cust_00073,order_200159,499.17,1787604874,captured,card,buyer_73@example.com,+919876000073,Merchant Order #200159
pay_100151,cust_00065,order_200151,2499.86,1787384649,failed,wallet,buyer_65@example.com,+919876000065,Merchant Order #200151
pay_100178,cust_00039,order_200178,9999.11,1787724870,captured,upi,buyer_39@example.com,+919876000039,Merchant Order #200178
pay_100394,cust_00089,order_200394,9999.27,1787637247,captured,card,buyer_89@example.com,+919876000089,Merchant Order #200394
pay_100185,cust_00027,order_200185,299.82,1787594891,captured,upi,buyer_27@example.com,+919876000027,Merchant Order #200185
pay_100450,cust_00062,order_200425,4999.0,1787572538,captured,upi,buyer_62@example.com,+919876000062,UPI retry capture - Failed UPI Retry
pay_100011,cust_00088,order_200011,299.6,1787572322,captured,upi,buyer_88@example.com,+919876000088,Merchant Order #200011
pay_100381,cust_00063,order_200381,9999.17,1787414696,captured,netbanking,buyer_63@example.com,+919876000063,Merchant Order #200381
pay_100104,cust_00084,order_200104,1499.61,1787542399,captured,wallet,buyer_84@example.com,+919876000084,Merchant Order #200104
pay_100082,cust_00061,order_200082,9999.26,1787704394,captured,upi,buyer_61@example.com,+919876000061,Merchant Order #200082
pay_100039,cust_00028,order_200039,4999.89,1787505290,refunded,upi,buyer_28@example.com,+919876000028,Merchant Order #200039
pay_100315,cust_00100,order_200315,999.71,1787415235,captured,wallet,buyer_100@example.com,+919876000100,Merchant Order #200315
pay_100168,cust_00033,order_200168,499.62,1787475032,captured,card,buyer_33@example.com,+919876000033,Merchant Order #200168
pay_100470,cust_00015,order_200440,499.0,1787476329,captured,netbanking,buyer_15@example.com,+919876000015,Tab 2 Checkout - Multiple Browser Tabs Checkout
pay_100297,cust_00092,order_200297,2499.73,1787762935,captured,netbanking,buyer_92@example.com,+919876000092,Merchant Order #200297
pay_100475,cust_00091,order_200445,299.0,1787708419,captured,card,buyer_91@example.com,+919876000091,Tab 1 Checkout - Multiple Browser Tabs Checkout
pay_100199,cust_00061,order_200199,299.09,1787381849,captured,card,buyer_61@example.com,+919876000061,Merchant Order #200199
pay_100298,cust_00048,order_200298,15000.56,1787446004,captured,netbanking,buyer_48@example.com,+919876000048,Merchant Order #200298
pay_100417,cust_00050,order_200409,199.0,1787520339,captured,netbanking,buyer_50@example.com,+919876000050,Checkout click A - Double-Click Issue
pay_100147,cust_00076,order_200147,9999.86,1787574240,captured,wallet,buyer_76@example.com,+919876000076,Merchant Order #200147
pay_100393,cust_00043,order_200393,299.89,1787440833,failed,card,buyer_43@example.com,+919876000043,Merchant Order #200393
pay_100148,cust_00071,order_200148,15000.37,1787717241,refunded,netbanking,buyer_71@example.com,+919876000071,Merchant Order #200148
pay_100448,cust_00049,order_200424,299.0,1787535676,captured,upi,buyer_49@example.com,+919876000049,UPI retry capture - Failed UPI Retry
pay_100288,cust_00008,order_200288,299.51,1787412705,captured,netbanking,buyer_8@example.com,+919876000008,Merchant Order #200288
pay_100124,cust_00023,order_200124,15000.07,1787518053,captured,card,buyer_23@example.com,+919876000023,Merchant Order #200124
pay_100369,cust_00072,order_200369,15000.13,1787451732,captured,upi,buyer_72@example.com,+919876000072,Merchant Order #200369
pay_100097,cust_00090,order_200097,1499.76,1787603319,refunded,upi,buyer_90@example.com,+919876000090,Merchant Order #200097
pay_100144,cust_00062,order_200144,9999.24,1787507283,failed,upi,buyer_62@example.com,+919876000062,Merchant Order #200144
pay_100240,cust_00099,order_200240,15000.83,1787627527,failed,card,buyer_99@example.com,+919876000099,Merchant Order #200240
pay_100443,cust_00053,order_200422,9999.0,1787401699,captured,upi,buyer_53@example.com,+919876000053,UPI transaction - Failed UPI Retry
pay_100098,cust_00092,order_200098,299.77,1787758333,captured,upi,buyer_92@example.com,+919876000092,Merchant Order #200098
pay_100408,cust_00095,order_200404,4999.0,1787497397,captured,netbanking,buyer_95@example.com,+919876000095,Checkout click B - Double-Click Issue
pay_100123,cust_00098,order_200123,999.62,1787626878,captured,netbanking,buyer_98@example.com,+919876000098,Merchant Order #200123
pay_100184,cust_00003,order_200184,199.78,1787768744,captured,upi,buyer_3@example.com,+919876000003,Merchant Order #200184
pay_100203,cust_00014,order_200203,2499.84,1787391204,captured,netbanking,buyer_14@example.com,+919876000014,Merchant Order #200203
pay_100247,cust_00014,order_200247,15000.84,1787377808,captured,netbanking,buyer_14@example.com,+919876000014,Merchant Order #200247
pay_100306,cust_00072,order_200306,999.36,1787373339,captured,netbanking,buyer_72@example.com,+919876000072,Merchant Order #200306
pay_100299,cust_00058,order_200299,999.14,1787466945,captured,card,buyer_58@example.com,+919876000058,Merchant Order #200299
pay_100352,cust_00070,order_200352,199.93,1787767585,captured,card,buyer_70@example.com,+919876000070,Merchant Order #200352
pay_100387,cust_00065,order_200387,4999.8,1787387805,captured,upi,buyer_65@example.com,+919876000065,Merchant Order #200387
pay_100396,cust_00019,order_200396,4999.92,1787411752,captured,netbanking,buyer_19@example.com,+919876000019,Merchant Order #200396
pay_100285,cust_00092,order_200285,9999.52,1787697256,captured,wallet,buyer_92@example.com,+919876000092,Merchant Order #200285
pay_100126,cust_00059,order_200126,299.68,1787681915,captured,netbanking,buyer_59@example.com,+919876000059,Merchant Order #200126
pay_100303,cust_00031,order_200303,999.58,1787363407,captured,card,buyer_31@example.com,+919876000031,Merchant Order #200303
pay_100224,cust_00075,order_200224,9999.67,1787714928,captured,netbanking,buyer_75@example.com,+919876000075,Merchant Order #200224
pay_100419,cust_00093,order_200410,15000.0,1787588660,captured,upi,buyer_93@example.com,+919876000093,Checkout click A - Double-Click Issue
pay_100220,cust_00011,order_200220,4999.86,1787437293,captured,netbanking,buyer_11@example.com,+919876000011,Merchant Order #200220
pay_100130,cust_00065,order_200130,15000.49,1787599925,failed,card,buyer_65@example.com,+919876000065,Merchant Order #200130
pay_100421,cust_00088,order_200411,4999.0,1787401552,failed,upi,buyer_88@example.com,+919876000088,Network timeout first attempt - Network Timeout Retry
pay_100290,cust_00082,order_200290,15000.27,1787607007,captured,netbanking,buyer_82@example.com,+919876000082,Merchant Order #200290
pay_100445,cust_00031,order_200423,1499.0,1787626116,captured,upi,buyer_31@example.com,+919876000031,UPI transaction - Failed UPI Retry
pay_100377,cust_00027,order_200377,2499.31,1787584584,captured,card,buyer_27@example.com,+919876000027,Merchant Order #200377
pay_100292,cust_00078,order_200292,2499.83,1787698076,captured,card,buyer_78@example.com,+919876000078,Merchant Order #200292
pay_100356,cust_00023,order_200356,15000.39,1787656008,captured,upi,buyer_23@example.com,+919876000023,Merchant Order #200356
pay_100295,cust_00088,order_200295,4999.29,1787639055,captured,card,buyer_88@example.com,+919876000088,Merchant Order #200295
pay_100397,cust_00050,order_200397,15000.33,1787683069,captured,upi,buyer_50@example.com,+919876000050,Merchant Order #200397
pay_100341,cust_00043,order_200341,1499.58,1787454564,captured,card,buyer_43@example.com,+919876000043,Merchant Order #200341
pay_100113,cust_00093,order_200113,999.31,1787424319,captured,upi,buyer_93@example.com,+919876000093,Merchant Order #200113
pay_100180,cust_00054,order_200180,299.83,1787747244,captured,wallet,buyer_54@example.com,+919876000054,Merchant Order #200180
pay_100308,cust_00048,order_200308,2499.55,1787667718,captured,netbanking,buyer_48@example.com,+919876000048,Merchant Order #200308
pay_100433,cust_00062,order_200417,2499.0,1787758270,failed,upi,buyer_62@example.com,+919876000062,Network timeout first attempt - Network Timeout Retry
pay_100488,cust_00091,order_200458,299.0,1787687003,captured,card,buyer_91@example.com,+919876000091,Gateway Success Attempt B - Gateway Retry with Different IDs
pay_100482,cust_00052,order_200452,499.0,1787618297,captured,upi,buyer_52@example.com,+919876000052,Gateway Success Attempt B - Gateway Retry with Different IDs
pay_100423,cust_00064,order_200412,499.0,1787413807,failed,card,buyer_64@example.com,+919876000064,Network timeout first attempt - Network Timeout Retry
pay_100234,cust_00087,order_200234,4999.28,1787485586,captured,upi,buyer_87@example.com,+919876000087,Merchant Order #200234
pay_100312,cust_00066,order_200312,15000.48,1787546727,captured,netbanking,buyer_66@example.com,+919876000066,Merchant Order #200312
pay_100165,cust_00038,order_200165,199.97,1787460149,captured,wallet,buyer_38@example.com,+919876000038,Merchant Order #200165
pay_100137,cust_00059,order_200137,299.31,1787391652,captured,netbanking,buyer_59@example.com,+919876000059,Merchant Order #200137
pay_100198,cust_00055,order_200198,2499.66,1787753525,captured,netbanking,buyer_55@example.com,+919876000055,Merchant Order #200198
pay_100259,cust_00082,order_200259,4999.97,1787664414,captured,netbanking,buyer_82@example.com,+919876000082,Merchant Order #200259
pay_100233,cust_00087,order_200233,199.78,1787370047,captured,netbanking,buyer_87@example.com,+919876000087,Merchant Order #200233
pay_100116,cust_00071,order_200116,1499.69,1787617133,captured,upi,buyer_71@example.com,+919876000071,Merchant Order #200116
pay_100121,cust_00077,order_200121,999.77,1787536196,captured,wallet,buyer_77@example.com,+919876000077,Merchant Order #200121
pay_100350,cust_00073,order_200350,199.55,1787654030,captured,netbanking,buyer_73@example.com,+919876000073,Merchant Order #200350
pay_100225,cust_00020,order_200225,9999.07,1787614332,captured,wallet,buyer_20@example.com,+919876000020,Merchant Order #200225
pay_100403,cust_00011,order_200402,1499.0,1787649636,captured,upi,buyer_11@example.com,+919876000011,Checkout click A - Double-Click Issue
pay_100398,cust_00011,order_200398,15000.74,1787364770,captured,netbanking,buyer_11@example.com,+919876000011,Merchant Order #200398
pay_100128,cust_00019,order_200128,299.06,1787598633,captured,netbanking,buyer_19@example.com,+919876000019,Merchant Order #200128
pay_100286,cust_00041,order_200286,299.45,1787397014,captured,netbanking,buyer_41@example.com,+919876000041,Merchant Order #200286
pay_100412,cust_00014,order_200406,499.0,1787422529,captured,card,buyer_14@example.com,+919876000014,Checkout click B - Double-Click Issue
pay_100108,cust_00077,order_200108,1499.55,1787378558,captured,upi,buyer_77@example.com,+919876000077,Merchant Order #200108
pay_100371,cust_00007,order_200371,1499.37,1787718978,captured,card,buyer_7@example.com,+919876000007,Merchant Order #200371
pay_100326,cust_00057,order_200326,1499.74,1787428867,captured,upi,buyer_57@example.com,+919876000057,Merchant Order #200326
pay_100134,cust_00075,order_200134,4999.63,1787760205,captured,wallet,buyer_75@example.com,+919876000075,Merchant Order #200134
pay_100453,cust_00090,order_200427,15000.0,1787598104,captured,upi,buyer_90@example.com,+919876000090,UPI transaction - Failed UPI Retry
pay_100045,cust_00092,order_200045,2499.24,1787398113,captured,wallet,buyer_92@example.com,+919876000092,Merchant Order #200045
pay_100461,cust_00056,order_200431,299.0,1787384172,captured,card,buyer_56@example.com,+919876000056,Tab 1 Checkout - Multiple Browser Tabs Checkout
pay_100066,cust_00056,order_200066,15000.11,1787451614,captured,upi,buyer_56@example.com,+919876000056,Merchant Order #200066
pay_100284,cust_00060,order_200284,15000.13,1787369977,captured,card,buyer_60@example.com,+919876000060,Merchant Order #200284
pay_100086,cust_00053,order_200086,2499.54,1787368472,captured,wallet,buyer_53@example.com,+919876000053,Merchant Order #200086
pay_100243,cust_00031,order_200243,9999.6,1787442663,captured,wallet,buyer_31@example.com,+919876000031,Merchant Order #200243
pay_100187,cust_00017,order_200187,15000.25,1787389062,failed,upi,buyer_17@example.com,+919876000017,Merchant Order #200187
pay_100384,cust_00009,order_200384,499.01,1787502796,captured,wallet,buyer_9@example.com,+919876000009,Merchant Order #200384
pay_100160,cust_00088,order_200160,999.49,1787441879,captured,upi,buyer_88@example.com,+919876000088,Merchant Order #200160
pay_100013,cust_00100,order_200013,199.23,1787689353,captured,card,buyer_100@example.com,+919876000100,Merchant Order #200013
pay_100036,cust_00025,order_200036,999.53,1787523826,captured,upi,buyer_25@example.com,+919876000025,Merchant Order #200036
pay_100029,cust_00057,order_200029,15000.45,1787438643,captured,upi,buyer_57@example.com,+919876000057,Merchant Order #200029
pay_100171,cust_00022,order_200171,1499.9,1787759483,captured,wallet,buyer_22@example.com,+919876000022,Merchant Order #200171
pay_100143,cust_00020,order_200143,9999.92,1787561406,captured,netbanking,buyer_20@example.com,+919876000020,Merchant Order #200143
pay_100399,cust_00010,order_200399,2499.6,1787760147,captured,wallet,buyer_10@example.com,+919876000010,Merchant Order #200399
pay_100343,cust_00065,order_200343,1499.68,1787500352,captured,netbanking,buyer_65@example.com,+919876000065,Merchant Order #200343
pay_100222,cust_00094,order_200222,499.23,1787452152,captured,upi,buyer_94@example.com,+919876000094,Merchant Order #200222
pay_100096,cust_00020,order_200096,999.12,1787585208,captured,card,buyer_20@example.com,+919876000020,Merchant Order #200096
pay_100052,cust_00027,order_200052,1499.5,1787732679,captured,netbanking,buyer_27@example.com,+919876000027,Merchant Order #200052
pay_100241,cust_00080,order_200241,499.59,1787411664,captured,upi,buyer_80@example.com,+919876000080,Merchant Order #200241
pay_100485,cust_00050,order_200455,199.0,1787430472,failed,upi,buyer_50@example.com,+919876000050,Gateway Error Attempt A - Gateway Retry with Different IDs
pay_100379,cust_00030,order_200379,4999.56,1787557272,captured,upi,buyer_30@example.com,+919876000030,Merchant Order #200379
pay_100179,cust_00059,order_200179,2499.66,1787595305,captured,wallet,buyer_59@example.com,+919876000059,Merchant Order #200179
pay_100042,cust_00065,order_200042,15000.16,1787709353,captured,card,buyer_65@example.com,+919876000065,Merchant Order #200042
pay_100499,cust_00015,order_200469,499.0,1787641138,failed,netbanking,buyer_15@example.com,+919876000015,Gateway Error Attempt A - Gateway Retry with Different IDs
pay_100422,cust_00088,order_200411,4999.0,1787401576,captured,upi,buyer_88@example.com,+919876000088,User retry second attempt - Network Timeout Retry
pay_100207,cust_00019,order_200207,199.09,1787504089,captured,upi,buyer_19@example.com,+919876000019,Merchant Order #200207
pay_100283,cust_00018,order_200283,999.78,1787497481,captured,card,buyer_18@example.com,+919876000018,Merchant Order #200283
pay_100255,cust_00031,order_200255,4999.63,1787368706,captured,wallet,buyer_31@example.com,+919876000031,Merchant Order #200255
pay_100413,cust_00072,order_200407,15000.0,1787386196,captured,wallet,buyer_72@example.com,+919876000072,Checkout click A - Double-Click Issue
pay_100005,cust_00021,order_200005,4999.34,1787434589,captured,upi,buyer_21@example.com,+919876000021,Merchant Order #200005
pay_100257,cust_00001,order_200257,2499.24,1787422493,captured,wallet,buyer_1@example.com,+919876000001,Merchant Order #200257
pay_100449,cust_00062,order_200425,4999.0,1787572420,captured,upi,buyer_62@example.com,+919876000062,UPI transaction - Failed UPI Retry
pay_100101,cust_00016,order_200101,199.34,1787627351,captured,wallet,buyer_16@example.com,+919876000016,Merchant Order #200101
pay_100227,cust_00008,order_200227,2499.82,1787620069,refunded,card,buyer_8@example.com,+919876000008,Merchant Order #200227
pay_100430,cust_00051,order_200415,2499.0,1787688960,captured,wallet,buyer_51@example.com,+919876000051,User retry second attempt - Network Timeout Retry
pay_100214,cust_00038,order_200214,2499.12,1787664284,captured,wallet,buyer_38@example.com,+919876000038,Merchant Order #200214
pay_100172,cust_00044,order_200172,299.46,1787402381,refunded,card,buyer_44@example.com,+919876000044,Merchant Order #200172
pay_100099,cust_00004,order_200099,1499.57,1787512928,captured,wallet,buyer_4@example.com,+919876000004,Merchant Order #200099
pay_100293,cust_00006,order_200293,1499.64,1787608596,captured,wallet,buyer_6@example.com,+919876000006,Merchant Order #200293
pay_100216,cust_00006,order_200216,4999.02,1787714005,captured,card,buyer_6@example.com,+919876000006,Merchant Order #200216
pay_100062,cust_00030,order_200062,999.02,1787513711,captured,upi,buyer_30@example.com,+919876000030,Merchant Order #200062
pay_100048,cust_00045,order_200048,299.87,1787464688,captured,netbanking,buyer_45@example.com,+919876000045,Merchant Order #200048
pay_100033,cust_00074,order_200033,9999.24,1787690412,captured,wallet,buyer_74@example.com,+919876000074,Merchant Order #200033
pay_100268,cust_00067,order_200268,1499.79,1787375670,captured,wallet,buyer_67@example.com,+919876000067,Merchant Order #200268
pay_100328,cust_00068,order_200328,999.63,1787384859,captured,card,buyer_68@example.com,+919876000068,Merchant Order #200328
pay_100201,cust_00043,order_200201,299.41,1787716589,captured,wallet,buyer_43@example.com,+919876000043,Merchant Order #200201
pay_100447,cust_00049,order_200424,299.0,1787535570,captured,upi,buyer_49@example.com,+919876000049,UPI transaction - Failed UPI Retry
pay_100028,cust_00097,order_200028,999.71,1787771478,captured,wallet,buyer_97@example.com,+919876000097,Merchant Order #200028
pay_100425,cust_00039,order_200413,9999.0,1787497579,failed,card,buyer_39@example.com,+919876000039,Network timeout first attempt - Network Timeout Retry
pay_100231,cust_00083,order_200231,499.04,1787769679,captured,wallet,buyer_83@example.com,+919876000083,Merchant Order #200231
pay_100261,cust_00043,order_200261,499.04,1787693009,captured,netbanking,buyer_43@example.com,+919876000043,Merchant Order #200261
pay_100289,cust_00091,order_200289,999.34,1787707017,captured,netbanking,buyer_91@example.com,+919876000091,Merchant Order #200289
pay_100163,cust_00055,order_200163,1499.45,1787427635,captured,netbanking,buyer_55@example.com,+919876000055,Merchant Order #200163
pay_100426,cust_00039,order_200413,9999.0,1787497601,captured,card,buyer_39@example.com,+919876000039,User retry second attempt - Network Timeout Retry
pay_100139,cust_00047,order_200139,9999.62,1787429511,captured,card,buyer_47@example.com,+919876000047,Merchant Order #200139
pay_100063,cust_00009,order_200063,1499.35,1787635125,captured,wallet,buyer_9@example.com,+919876000009,Merchant Order #200063
pay_100136,cust_00089,order_200136,9999.29,1787693034,captured,wallet,buyer_89@example.com,+919876000089,Merchant Order #200136
pay_100129,cust_00037,order_200129,9999.12,1787643858,failed,netbanking,buyer_37@example.com,+919876000037,Merchant Order #200129
pay_100477,cust_00087,order_200447,499.0,1787564483,captured,upi,buyer_87@example.com,+919876000087,Tab 1 Checkout - Multiple Browser Tabs Checkout
pay_100009,cust_00038,order_200009,299.85,1787505788,captured,card,buyer_38@example.com,+919876000038,Merchant Order #200009
pay_100327,cust_00072,order_200327,1499.14,1787446315,captured,upi,buyer_72@example.com,+919876000072,Merchant Order #200327
pay_100464,cust_00066,order_200434,15000.0,1787534167,captured,upi,buyer_66@example.com,+919876000066,Tab 2 Checkout - Multiple Browser Tabs Checkout
pay_100065,cust_00034,order_200065,199.11,1787490910,captured,wallet,buyer_34@example.com,+919876000034,Merchant Order #200065
pay_100301,cust_00093,order_200301,2499.19,1787556824,captured,upi,buyer_93@example.com,+919876000093,Merchant Order #200301
pay_100015,cust_00083,order_200015,9999.14,1787448117,captured,upi,buyer_83@example.com,+919876000083,Merchant Order #200015
pay_100157,cust_00091,order_200157,299.44,1787731853,captured,netbanking,buyer_91@example.com,+919876000091,Merchant Order #200157
pay_100041,cust_00008,order_200041,15000.06,1787366269,captured,netbanking,buyer_8@example.com,+919876000008,Merchant Order #200041
pay_100380,cust_00088,order_200380,2499.25,1787759105,captured,wallet,buyer_88@example.com,+919876000088,Merchant Order #200380
pay_100469,cust_00015,order_200439,499.0,1787476310,captured,netbanking,buyer_15@example.com,+919876000015,Tab 1 Checkout - Multiple Browser Tabs Checkout
pay_100404,cust_00011,order_200402,1499.0,1787649637,captured,upi,buyer_11@example.com,+919876000011,Checkout click B - Double-Click Issue
pay_100217,cust_00074,order_200217,4999.7,1787466644,captured,wallet,buyer_74@example.com,+919876000074,Merchant Order #200217
pay_100280,cust_00010,order_200280,9999.17,1787772391,captured,wallet,buyer_10@example.com,+919876000010,Merchant Order #200280
pay_100435,cust_00095,order_200418,9999.0,1787482356,failed,upi,buyer_95@example.com,+919876000095,Network timeout first attempt - Network Timeout Retry
pay_100431,cust_00043,order_200416,4999.0,1787471362,captured,upi,buyer_43@example.com,+919876000043,Network timeout first attempt - Network Timeout Retry
pay_100338,cust_00073,order_200338,999.17,1787698833,captured,wallet,buyer_73@example.com,+919876000073,Merchant Order #200338
pay_100237,cust_00095,order_200237,15000.09,1787561241,captured,wallet,buyer_95@example.com,+919876000095,Merchant Order #200237
pay_100208,cust_00021,order_200208,2499.31,1787677166,captured,netbanking,buyer_21@example.com,+919876000021,Merchant Order #200208
pay_100213,cust_00008,order_200213,199.2,1787673068,captured,upi,buyer_8@example.com,+919876000008,Merchant Order #200213
pay_100296,cust_00054,order_200296,9999.46,1787603651,captured,netbanking,buyer_54@example.com,+919876000054,Merchant Order #200296
pay_100458,cust_00022,order_200429,199.0,1787584997,captured,upi,buyer_22@example.com,+919876000022,UPI retry capture - Failed UPI Retry
pay_100252,cust_00061,order_200252,499.75,1787535369,captured,wallet,buyer_61@example.com,+919876000061,Merchant Order #200252
pay_100489,cust_00024,order_200459,2499.0,1787426710,failed,netbanking,buyer_24@example.com,+919876000024,Gateway Error Attempt A - Gateway Retry with Different IDs
pay_100487,cust_00091,order_200457,299.0,1787686959,failed,card,buyer_91@example.com,+919876000091,Gateway Error Attempt A - Gateway Retry with Different IDs
pay_100304,cust_00084,order_200304,9999.28,1787707552,captured,card,buyer_84@example.com,+919876000084,Merchant Order #200304
pay_100351,cust_00001,order_200351,999.57,1787524611,captured,card,buyer_1@example.com,+919876000001,Merchant Order #200351
pay_100270,cust_00040,order_200270,9999.6,1787413564,captured,wallet,buyer_40@example.com,+919876000040,Merchant Order #200270
pay_100202,cust_00037,order_200202,1499.35,1787408417,captured,upi,buyer_37@example.com,+919876000037,Merchant Order #200202
pay_100162,cust_00021,order_200162,299.44,1787768239,captured,netbanking,buyer_21@example.com,+919876000021,Merchant Order #200162
pay_100044,cust_00011,order_200044,4999.65,1787745367,captured,netbanking,buyer_11@example.com,+919876000011,Merchant Order #200044
pay_100218,cust_00042,order_200218,499.79,1787701009,failed,wallet,buyer_42@example.com,+919876000042,Merchant Order #200218
pay_100402,cust_00049,order_200401,4999.0,1787635204,captured,upi,buyer_49@example.com,+919876000049,Checkout click B - Double-Click Issue
pay_100191,cust_00079,order_200191,199.72,1787539448,refunded,netbanking,buyer_79@example.com,+919876000079,Merchant Order #200191
pay_100310,cust_00061,order_200310,15000.45,1787483255,captured,upi,buyer_61@example.com,+919876000061,Merchant Order #200310
pay_100260,cust_00009,order_200260,2499.24,1787674862,captured,card,buyer_9@example.com,+919876000009,Merchant Order #200260
pay_100106,cust_00058,order_200106,999.74,1787486897,captured,wallet,buyer_58@example.com,+919876000058,Merchant Order #200106
pay_100054,cust_00082,order_200054,1499.16,1787579899,captured,wallet,buyer_82@example.com,+919876000082,Merchant Order #200054
pay_100390,cust_00090,order_200390,999.3,1787623987,failed,card,buyer_90@example.com,+919876000090,Merchant Order #200390
pay_100002,cust_00014,order_200002,15000.09,1787355304,captured,wallet,buyer_14@example.com,+919876000014,Merchant Order #200002
pay_100442,cust_00057,order_200421,1499.0,1787700725,captured,upi,buyer_57@example.com,+919876000057,UPI retry capture - Failed UPI Retry
pay_100483,cust_00051,order_200453,199.0,1787535790,failed,upi,buyer_51@example.com,+919876000051,Gateway Error Attempt A - Gateway Retry with Different IDs
pay_100050,cust_00085,order_200050,299.93,1787455823,failed,upi,buyer_85@example.com,+919876000085,Merchant Order #200050
pay_100420,cust_00093,order_200410,15000.0,1787588661,captured,upi,buyer_93@example.com,+919876000093,Checkout click B - Double-Click Issue
pay_100081,cust_00065,order_200081,4999.82,1787729167,captured,wallet,buyer_65@example.com,+919876000065,Merchant Order #200081
pay_100206,cust_00044,order_200206,2499.01,1787586224,captured,upi,buyer_44@example.com,+919876000044,Merchant Order #200206
pay_100035,cust_00087,order_200035,299.06,1787687429,captured,netbanking,buyer_87@example.com,+919876000087,Merchant Order #200035
pay_100264,cust_00006,order_200264,2499.92,1787768875,captured,wallet,buyer_6@example.com,+919876000006,Merchant Order #200264
pay_100428,cust_00077,order_200414,999.0,1787387810,captured,wallet,buyer_77@example.com,+919876000077,User retry second attempt - Network Timeout Retry
pay_100367,cust_00039,order_200367,4999.18,1787445672,captured,wallet,buyer_39@example.com,+919876000039,Merchant Order #200367
pay_100092,cust_00060,order_200092,499.05,1787482990,captured,wallet,buyer_60@example.com,+919876000060,Merchant Order #200092
pay_100340,cust_00032,order_200340,199.26,1787534563,captured,upi,buyer_32@example.com,+919876000032,Merchant Order #200340
pay_100474,cust_00057,order_200444,9999.0,1787370599,captured,netbanking,buyer_57@example.com,+919876000057,Tab 2 Checkout - Multiple Browser Tabs Checkout
pay_100053,cust_00012,order_200053,4999.82,1787343105,captured,card,buyer_12@example.com,+919876000012,Merchant Order #200053
pay_100346,cust_00077,order_200346,299.52,1787375314,captured,netbanking,buyer_77@example.com,+919876000077,Merchant Order #200346
pay_100265,cust_00033,order_200265,199.75,1787465173,failed,upi,buyer_33@example.com,+919876000033,Merchant Order #200265
pay_100242,cust_00099,order_200242,499.71,1787519064,captured,card,buyer_99@example.com,+919876000099,Merchant Order #200242
pay_100014,cust_00009,order_200014,999.9,1787433428,captured,netbanking,buyer_9@example.com,+919876000009,Merchant Order #200014
pay_100316,cust_00080,order_200316,4999.15,1787355212,failed,upi,buyer_80@example.com,+919876000080,Merchant Order #200316
pay_100089,cust_00078,order_200089,999.48,1787529855,captured,netbanking,buyer_78@example.com,+919876000078,Merchant Order #200089
pay_100388,cust_00020,order_200388,999.19,1787693746,captured,netbanking,buyer_20@example.com,+919876000020,Merchant Order #200388
pay_100274,cust_00057,order_200274,199.12,1787677892,captured,upi,buyer_57@example.com,+919876000057,Merchant Order #200274
pay_100167,cust_00100,order_200167,999.6,1787436183,captured,netbanking,buyer_100@example.com,+919876000100,Merchant Order #200167
pay_100329,cust_00061,order_200329,299.67,1787343812,captured,upi,buyer_61@example.com,+919876000061,Merchant Order #200329
pay_100493,cust_00051,order_200463,299.0,1787493631,failed,netbanking,buyer_51@example.com,+919876000051,Gateway Error Attempt A - Gateway Retry with Different IDs
pay_100135,cust_00053,order_200135,2499.32,1787712114,captured,card,buyer_53@example.com,+919876000053,Merchant Order #200135
pay_100307,cust_00098,order_200307,15000.28,1787397156,captured,card,buyer_98@example.com,+919876000098,Merchant Order #200307
pay_100481,cust_00052,order_200451,499.0,1787618260,failed,upi,buyer_52@example.com,+919876000052,Gateway Error Attempt A - Gateway Retry with Different IDs
pay_100320,cust_00049,order_200320,2499.95,1787735611,captured,wallet,buyer_49@example.com,+919876000049,Merchant Order #200320
pay_100244,cust_00061,order_200244,999.36,1787541019,captured,wallet,buyer_61@example.com,+919876000061,Merchant Order #200244
pay_100055,cust_00002,order_200055,299.07,1787577268,captured,upi,buyer_2@example.com,+919876000002,Merchant Order #200055
pay_100364,cust_00085,order_200364,15000.22,1787460440,captured,netbanking,buyer_85@example.com,+919876000085,Merchant Order #200364
pay_100051,cust_00096,order_200051,15000.15,1787602860,captured,netbanking,buyer_96@example.com,+919876000096,Merchant Order #200051
pay_100457,cust_00022,order_200429,199.0,1787584885,captured,upi,buyer_22@example.com,+919876000022,UPI transaction - Failed UPI Retry
pay_100175,cust_00075,order_200175,4999.81,1787388379,captured,netbanking,buyer_75@example.com,+919876000075,Merchant Order #200175
pay_100446,cust_00031,order_200423,1499.0,1787626200,captured,upi,buyer_31@example.com,+919876000031,UPI retry capture - Failed UPI Retry
pay_100190,cust_00061,order_200190,9999.77,1787536840,captured,card,buyer_61@example.com,+919876000061,Merchant Order #200190
pay_100497,cust_00011,order_200467,499.0,1787392490,failed,netbanking,buyer_11@example.com,+919876000011,Gateway Error Attempt A - Gateway Retry with Different IDs
pay_100188,cust_00017,order_200188,199.35,1787595958,captured,upi,buyer_17@example.com,+919876000017,Merchant Order #200188
pay_100170,cust_00054,order_200170,499.2,1787570902,failed,netbanking,buyer_54@example.com,+919876000054,Merchant Order #200170
pay_100059,cust_00021,order_200059,499.87,1787419057,failed,card,buyer_21@example.com,+919876000021,Merchant Order #200059
pay_100049,cust_00070,order_200049,1499.61,1787630090,captured,card,buyer_70@example.com,+919876000070,Merchant Order #200049
pay_100345,cust_00061,order_200345,15000.79,1787670697,captured,upi,buyer_61@example.com,+919876000061,Merchant Order #200345
pay_100236,cust_00011,order_200236,1499.55,1787692869,captured,netbanking,buyer_11@example.com,+919876000011,Merchant Order #200236
pay_100253,cust_00011,order_200253,199.25,1787578657,captured,upi,buyer_11@example.com,+919876000011,Merchant Order #200253
pay_100022,cust_00065,order_200022,299.86,1787705175,captured,netbanking,buyer_65@example.com,+919876000065,Merchant Order #200022
pay_100314,cust_00089,order_200314,199.59,1787759348,captured,netbanking,buyer_89@example.com,+919876000089,Merchant Order #200314
pay_100460,cust_00087,order_200430,4999.0,1787759308,captured,upi,buyer_87@example.com,+919876000087,UPI retry capture - Failed UPI Retry
pay_100161,cust_00059,order_200161,1499.66,1787730896,captured,wallet,buyer_59@example.com,+919876000059,Merchant Order #200161
pay_100277,cust_00032,order_200277,299.03,1787557160,captured,upi,buyer_32@example.com,+919876000032,Merchant Order #200277
pay_100444,cust_00053,order_200422,9999.0,1787401767,captured,upi,buyer_53@example.com,+919876000053,UPI retry capture - Failed UPI Retry
pay_100192,cust_00008,order_200192,9999.84,1787637968,captured,wallet,buyer_8@example.com,+919876000008,Merchant Order #200192
pay_100386,cust_00002,order_200386,199.52,1787573012,captured,netbanking,buyer_2@example.com,+919876000002,Merchant Order #200386
pay_100294,cust_00081,order_200294,15000.29,1787550206,captured,netbanking,buyer_81@example.com,+919876000081,Merchant Order #200294
pay_100414,cust_00072,order_200407,15000.0,1787386197,captured,wallet,buyer_72@example.com,+919876000072,Checkout click B - Double-Click Issue
pay_100344,cust_00018,order_200344,9999.15,1787521219,captured,netbanking,buyer_18@example.com,+919876000018,Merchant Order #200344
pay_100258,cust_00068,order_200258,2499.07,1787510250,captured,card,buyer_68@example.com,+919876000068,Merchant Order #200258
pay_100309,cust_00066,order_200309,4999.5,1787358384,captured,card,buyer_66@example.com,+919876000066,Merchant Order #200309
pay_100150,cust_00091,order_200150,4999.38,1787555555,captured,upi,buyer_91@example.com,+919876000091,Merchant Order #200150
pay_100131,cust_00095,order_200131,2499.6,1787381027,refunded,card,buyer_95@example.com,+919876000095,Merchant Order #200131
pay_100152,cust_00002,order_200152,499.41,1787373899,captured,upi,buyer_2@example.com,+919876000002,Merchant Order #200152
pay_100360,cust_00003,order_200360,999.2,1787598157,captured,card,buyer_3@example.com,+919876000003,Merchant Order #200360
pay_100100,cust_00010,order_200100,999.1,1787708900,captured,netbanking,buyer_10@example.com,+919876000010,Merchant Order #200100
pay_100373,cust_00002,order_200373,999.93,1787664225,captured,card,buyer_2@example.com,+919876000002,Merchant Order #200373
pay_100088,cust_00039,order_200088,4999.84,1787574085,captured,wallet,buyer_39@example.com,+919876000039,Merchant Order #200088
pay_100459,cust_00087,order_200430,4999.0,1787759236,captured,upi,buyer_87@example.com,+919876000087,UPI transaction - Failed UPI Retry
pay_100331,cust_00037,order_200331,2499.28,1787733802,captured,card,buyer_37@example.com,+919876000037,Merchant Order #200331
pay_100215,cust_00049,order_200215,15000.7,1787372710,failed,netbanking,buyer_49@example.com,+919876000049,Merchant Order #200215
pay_100467,cust_00062,order_200437,299.0,1787521275,captured,netbanking,buyer_62@example.com,+919876000062,Tab 1 Checkout - Multiple Browser Tabs Checkout
pay_100122,cust_00076,order_200122,4999.3,1787604934,captured,card,buyer_76@example.com,+919876000076,Merchant Order #200122
pay_100500,cust_00015,order_200470,499.0,1787641180,captured,netbanking,buyer_15@example.com,+919876000015,Gateway Success Attempt B - Gateway Retry with Different IDs
pay_100021,cust_00059,order_200021,199.94,1787761429,captured,netbanking,buyer_59@example.com,+919876000059,Merchant Order #200021
pay_100189,cust_00034,order_200189,199.13,1787568842,captured,wallet,buyer_34@example.com,+919876000034,Merchant Order #200189
pay_100072,cust_00084,order_200072,2499.46,1787633444,captured,wallet,buyer_84@example.com,+919876000084,Merchant Order #200072
pay_100107,cust_00042,order_200107,499.48,1787686237,captured,netbanking,buyer_42@example.com,+919876000042,Merchant Order #200107
pay_100271,cust_00058,order_200271,199.72,1787607189,captured,netbanking,buyer_58@example.com,+919876000058,Merchant Order #200271
pay_100349,cust_00066,order_200349,9999.8,1787398573,captured,wallet,buyer_66@example.com,+919876000066,Merchant Order #200349
pay_100436,cust_00095,order_200418,9999.0,1787482379,captured,upi,buyer_95@example.com,+919876000095,User retry second attempt - Network Timeout Retry
pay_100103,cust_00047,order_200103,9999.7,1787417665,captured,wallet,buyer_47@example.com,+919876000047,Merchant Order #200103
